{"accuracy": [0.6069382429122925, 0.7568888664245605, 0.820839524269104, 0.8641234636306763, 0.9085432291030884, 0.92637038230896], "loss": [0.8298829793930054, 0.5793901085853577, 0.45306313037872314, 0.3628857433795929, 0.2632972002029419, 0.22199688851833344], "val_accuracy": [0.6546666622161865, 0.664222240447998, 0.6377778053283691, 0.6624444723129272, 0.6475555300712585, 0.6302222013473511], "val_loss": [0.7582080364227295, 0.7707415223121643, 0.8684902191162109, 0.8778082132339478, 0.9617727994918823, 1.1828947067260742], "learning_rate": [0.00019999999494757503, 0.00019999999494757503, 0.00019999999494757503, 0.00019999999494757503, 9.999999747378752e-05, 9.999999747378752e-05]}