{"accuracy": [0.44550618529319763, 0.5427901148796082, 0.5690864324569702, 0.585777759552002, 0.5913086533546448, 0.5976296067237854], "loss": [1.102016568183899, 0.964931309223175, 0.9276533722877502, 0.9084482192993164, 0.900309681892395, 0.8866606950759888], "val_accuracy": [0.5162222385406494, 0.5491111278533936, 0.5555555820465088, 0.5713333487510681, 0.5662222504615784, 0.5686666369438171], "val_loss": [0.9675593376159668, 0.938633143901825, 0.9225365519523621, 0.9001143574714661, 0.9006668329238892, 0.9025319814682007], "learning_rate": [1.9999999494757503e-05, 1.9999999494757503e-05, 1.9999999494757503e-05, 1.9999999494757503e-05, 1.9999999494757503e-05, 9.999999747378752e-06]}